id	cn	en	schoolKey	school	club	tier	numericId	aliases
arona	阿罗娜	Arona	联邦学生会与关键NPC	联邦学生会与关键NPC	什亭之箱	1		アロナ,Arona
underground-dweller	地下生活者	Underground Dweller	联邦学生会与关键NPC	联邦学生会与关键NPC		1		Underground Dweller
black-suit	黑服	Black Suit	联邦学生会与关键NPC	联邦学生会与关键NPC	盖玛特利亚	1		Black Suit
rin	琳	Rin	联邦学生会与关键NPC	联邦学生会与关键NPC	联邦学生会	1		リン,Rin
plana	普拉娜	Plana	联邦学生会与关键NPC	联邦学生会与关键NPC		1		プラナ,Plana
momoka	桃香	Momoka	联邦学生会与关键NPC	联邦学生会与关键NPC	联邦学生会	1		モモカ,Momoka
shiroko	白子	Shiroko	Abydos	阿拜多斯高级中学	Countermeasure	1	10010	シロコ,Shiroko
ayane	绫音	Ayane	Abydos	阿拜多斯高级中学	Countermeasure	1	23005	アヤネ,Ayane,綾音
serika	芹香	Serika	Abydos	阿拜多斯高级中学	Countermeasure	1	13008	セリカ,Serika,茜香
hoshino	星野	Hoshino	Abydos	阿拜多斯高级中学	Countermeasure	1	10005	ホシノ,Hoshino
nonomi	野宫	Nonomi	Abydos	阿拜多斯高级中学	Countermeasure	1	13004	ノノミ,Nonomi,野宮,野乃美
hiyori	日和	Hiyori	Arius	阿里乌斯分校	AriusSqud	1	20017	ヒヨリ,Hiyori
saori	纱织	Saori	Arius	阿里乌斯分校	AriusSqud	1	10048	サオリ,Saori,紗織,沙织
atsuko	亚津子	Atsuko	Arius	阿里乌斯分校	AriusSqud	1	10042	アツコ,Atsuko,亞津子,敦子
aru	爱露	Aru	Gehenna	格黑娜学园	Kohshinjo68	1	10000	アル,Aru,阿露,愛露,亚瑠
haruka	春香	Haruka	Gehenna	格黑娜学园	Kohshinjo68	1	16000	ハルカ,Haruka,遥香
junko	纯子	Junko	Gehenna	格黑娜学园	GourmetClub	1	13007	ジュンコ,Junko,純子,淳子
kayoko	佳代子	Kayoko	Gehenna	格黑娜学园	Kohshinjo68	1	13005	カヨコ,Kayoko,佳世子
mutsuki	睦月	Mutsuki	Gehenna	格黑娜学园	Kohshinjo68	1	13006	ムツキ,Mutsuki,无月
chinatsu	千夏	Chinatsu	Gehenna	格黑娜学园	Fuuki	1	26000	チナツ,Chinatsu
haruna	晴奈	Haruna	Gehenna	格黑娜学园	GourmetClub	1	10002	ハルナ,Haruna,羽留奈
hina	日奈	Hina	Gehenna	格黑娜学园	Fuuki	1	10004	ヒナ,Hina,阳奈
ako	亚子	Ako	Gehenna	格黑娜学园	Fuuki	1	20008	アコ,Ako,亞子
iroha	伊吕波	Iroha	Gehenna	格黑娜学园	PandemoniumSociety	1	20016	イロハ,Iroha,伊呂波
iori	伊织	Iori	Gehenna	格黑娜学园	Fuuki	1	10006	イオリ,Iori,伊織
makoto	真琴	Makoto	Gehenna	格黑娜学园	PandemoniumSociety	1	20033	マコト,Makoto
hikari	光	Hikari	Highlander	海兰德铁道学院	CentralControlCenter	1	10117	ヒカリ
aoba	青叶	Aoba	Highlander	海兰德铁道学院	FreightLogisticsDepartment	1	16017	アオバ,青葉
nozomi	望	Nozomi	Highlander	海兰德铁道学院	CentralControlCenter	1	10118	ノゾミ,希望
tsubaki	椿	Tsubaki	Hyakkiyako	百鬼夜行联合学园	Shugyobu	1	13009	ツバキ,Tsubaki
renge	莲华	Renge	Hyakkiyako	百鬼夜行联合学园	Hyakkayouran	1	10082	レンゲ,Renge,蓮華
niya	尼娅	Niya	Hyakkiyako	百鬼夜行联合学园	Onmyobu	1	20046	ニヤ,Niya,尼婭,仁耶
chise	千世	Chise	Hyakkiyako	百鬼夜行联合学园	Onmyobu	1	13001	チセ,Chise,知世
izuna	泉奈	Izuna	Hyakkiyako	百鬼夜行联合学园	NinpoKenkyubu	1	10014	イズナ,Izuna,伊树菜
wakamo	若藻	Wakamo	Hyakkiyako	百鬼夜行联合学园	EmptyClub	1	10033	ワカモ,Wakamo
yukari	紫	Yukari	Hyakkiyako	百鬼夜行联合学园	Hyakkayouran	1	10081	ユカリ,Yukari,紫草
eimi	艾米	Eimi	Millennium	千年科学学园	SPTF	1	10001	エイミ,Eimi,英美
aris	爱丽丝	Aris	Millennium	千年科学学园	GameDev	1	10015	アリス,Aris,愛麗絲
karin	花凛	Karin	Millennium	千年科学学园	CleanNClearing	1	20001	カリン,Karin,花凜
kei	柯伊	Kei	Millennium	千年科学学园	SPTF	1	10135	ケイ,Kei,凯伊
rio	莉音	Rio	Millennium	千年科学学园	TheSeminar	1	20041	リオ,Rio,莉央
midori	绿	Midori	Millennium	千年科学学园	GameDev	1	10016	小绿,才羽绿,ミドリ,Midori,綠
asuna	明日奈	Asuna	Millennium	千年科学学园	CleanNClearing	1	16001	アスナ,Asuna
neru	妮露	Neru	Millennium	千年科学学园	CleanNClearing	1	10008	ネル,Neru,尼露,宁瑠
noa	诺亚	Noa	Millennium	千年科学学园	TheSeminar	1	10052	ノア,Noa,諾亞,乃爱
himari	日鞠	Himari	Millennium	千年科学学园	SPTF	1	20020	ヒマリ,Himari,阳葵
toki	时	Toki	Millennium	千年科学学园	CleanNClearing	1	10062	トキ,Toki,時,季
momoi	桃	Momoi	Millennium	千年科学学园	GameDev	1	13011	小桃,才羽桃井,モモイ,Momoi,桃井
koyuki	小雪	Koyuki	Millennium	千年科学学园	TheSeminar	1	10063	コユキ,Koyuki
yuuka	优香	Yuuka	Millennium	千年科学学园	TheSeminar	1	13010	ユウカ,Yuuka,優香
yuzu	柚子	Yuzu	Millennium	千年科学学园	GameDev	1	10018	ユズ,Yuzu
maki	真纪	Maki	Millennium	千年科学学园	Veritas	1	10007	マキ,Maki,真紀
cherino	切里诺	Cherino	RedWinter	红冬联邦学园	RedwinterSecretary	1	10017	チェリノ,Cherino,切裡諾,洁莉诺
kisaki	妃咲	Kisaki	Shanhaijing	山海经高级中学	Genryumon	1	20039	キサキ,Kisaki,妃姬
shun	瞬	Shun	Shanhaijing	山海经高级中学	Meihuayuan	1	10011	シュン,Shun,旬
miyako	宫子	Miyako	SRT	SRT特殊学园	RabbitPlatoon	1	10038	ミヤコ,Miyako,宮子,都子
miyu	美游	Miyu	SRT	SRT特殊学园	RabbitPlatoon	1	10039	ミユ,Miyu,美遊,美优
moe	萌绘	Moe	SRT	SRT特殊学园	RabbitPlatoon	1	20018	モエ,Moe,萌繪,萌
saki	咲	Saki	SRT	SRT特殊学园	RabbitPlatoon	1	20014	サキ,Saki,咲希
tsurugi	鹤城	Tsurugi	Trinity	三一综合学园	Justice	1	10013	ツルギ,Tsurugi,鶴城,弦生
hanako	花子	Hanako	Trinity	三一综合学园	RemedialClass	1	23007	ハナコ,Hanako
mine	美祢	Mine	Trinity	三一综合学园	KnightsHospitaller	1	10058	ミネ,Mine,美禰
hifumi	日富美	Hifumi	Trinity	三一综合学园	RemedialClass	1	10003	ヒフミ,Hifumi,日步美
seia	圣娅	Seia	Trinity	三一综合学园	TeaParty	1	10110	セイア,Seia,聖婭,圣亚
mika	未花	Mika	Trinity	三一综合学园	TeaParty	1	10059	ミカ,Mika,弥香
koharu	小春	Koharu	Trinity	三一综合学园	RemedialClass	1	10020	コハル,Koharu
sakurako	樱子	Sakurako	Trinity	三一综合学园	SisterHood	1	10061	サクラコ,Sakurako,櫻子
ui	忧	Ui	Trinity	三一综合学园	BookClub	1	10035	ウイ,Ui,憂
nagisa	渚	Nagisa	Trinity	三一综合学园	TeaParty	1	20024	ナギサ,Nagisa
azusa	梓	Azusa	Trinity	三一综合学园	RemedialClass	1	10019	アズサ,Azusa
kanna	康娜	Kanna	Valkyrie	瓦尔基里警察学校	PublicPeaceBureau	1	20023	カンナ,Kanna,环奈
kirino	桐乃	Kirino	Valkyrie	瓦尔基里警察学校	anzenkyoku	1	13012	キリノ,Kirino
subaru	昴	Subaru	Arius	阿里乌斯分校	NicomediasTroop	2	10130	スバル
misaki	美咲	Misaki	Arius	阿里乌斯分校	AriusSqud	2	10041	ミサキ
hatsune-miku	初音未来	Hatsune Miku	ETC	其他	EmptyClub	2	20007	初音ミク,初音未來
fuuka	风香	Fuuka	Gehenna	格黑娜学园	FoodService	2	23001	フウカ,枫香,風香,风华
satsuki	皋月	Satsuki	Gehenna	格黑娜学园	PandemoniumSociety	2	20040	サツキ,皐月
erika	绘梨香	Erika	Gehenna	格黑娜学园	ShinySparkleSociety	2	20058	エリカ,绘里香,繪梨香
megu	惠	Megu	Gehenna	格黑娜学园	HotSpringsDepartment	2	10060	メグ
sena	濑名	Sena	Gehenna	格黑娜学园	Emergentology	2	20012	セナ,瀨名,瀬奈
akari	明里	Akari	Gehenna	格黑娜学园	GourmetClub	2	13002	アカリ,明裡,亚伽里
kirara	绮罗罗	Kirara	Gehenna	格黑娜学园	ShinySparkleSociety	2	10093	キララ,綺羅羅
chiaki	千明	Chiaki	Gehenna	格黑娜学园	PandemoniumSociety	2	10107	チアキ,千秋
izumi	泉	Izumi	Gehenna	格黑娜学园	GourmetClub	2	10009	イズミ
kasumi	霞	Kasumi	Gehenna	格黑娜学园	HotSpringsDepartment	2	10078	カスミ,佳澄
ibuki	伊吹	Ibuki	Gehenna	格黑娜学园	PandemoniumSociety	2	16014	イブキ
juri	朱莉	Juri	Gehenna	格黑娜学园	FoodService	2	26002	ジュリ,茱莉
pina	菲娜	Pina	Hyakkiyako	百鬼夜行联合学园	MatsuriOffice	2	16004	フィーナ
kaede	枫	Kaede	Hyakkiyako	百鬼夜行联合学园	Shugyobu	2	20015	カエデ,楓
kaho	果穗	Kaho	Hyakkiyako	百鬼夜行联合学园	Onmyobu	2	10065	カホ,佳穗
umika	海香	Umika	Hyakkiyako	百鬼夜行联合学园	MatsuriOffice	2	10090	ウミカ,海花
shizuko	静子	Shizuko	Hyakkiyako	百鬼夜行联合学园	MatsuriOffice	2	23006	シズコ,靜子
kikyou	桔梗	Kikyou	Hyakkiyako	百鬼夜行联合学园	Hyakkayouran	2	10083	キキョウ
michiru	满	Michiru	Hyakkiyako	百鬼夜行联合学园	NinpoKenkyubu	2	16009	ミチル,滿,三千留
nagusa	名草	Nagusa	Hyakkiyako	百鬼夜行联合学园	Hyakkayouran	2	10119	ナグサ
mimori	三森	Mimori	Hyakkiyako	百鬼夜行联合学园	Shugyobu	2	10034	ミモリ
tsukuyo	月咏	Tsukuyo	Hyakkiyako	百鬼夜行联合学园	NinpoKenkyubu	2	10040	ツクヨ,月詠,月夜
utaha	歌原	Utaha	Millennium	千年科学学园	Engineer	2	23004	ウタハ,咏叶
sumire	堇	Sumire	Millennium	千年科学学园	TrainingClub	2	10012	スミレ
rei	丽	Rei	Millennium	千年科学学园	TrainingClub	2	10115	レイ,麗,莉
chihiro	千寻	Chihiro	Millennium	千年科学学园	Veritas	2	20013	チヒロ,千尋
akane	茜	Akane	Millennium	千年科学学园	CleanNClearing	2	13000	アカネ,朱音
kotori	琴里	Kotori	Millennium	千年科学学园	Engineer	2	16002	コトリ,琴裡,亚都梨
hare	晴	Hare	Millennium	千年科学学园	Veritas	2	23003	ハレ
hibiki	响	Hibiki	Millennium	千年科学学园	Engineer	2	20000	ヒビキ,響
kotama	小玉	Kotama	Millennium	千年科学学园	Veritas	2	26001	コタマ
kotone	琴音	Kotone	Odyssey	奥德赛海洋高级中学	DivingClub	2	10150	コトネ
kokoro	心	Kokoro	Odyssey	奥德赛海洋高级中学	DivingClub	2	10149	ココロ
erina	艾莉娜	Erina	RedWinter	红冬联邦学园	Class183	2	20062	エリナ
anna	安娜	Anna	RedWinter	红冬联邦学园	Class183	2	10151	アンナ
yakumo	八云	Yakumo	RedWinter	红冬联邦学园	PublishingDepartment	2	20052	ヤクモ,八雲
tomoe	巴	Tomoe	RedWinter	红冬联邦学园	RedwinterSecretary	2	16007	トモエ,智惠
takane	贵音	Takane	RedWinter	红冬联邦学园	PublishingDepartment	2	10131	タカネ,貴音
nodoka	和香	Nodoka	RedWinter	红冬联邦学园	Class227	2	26006	ノドカ
momiji	红叶	Momiji	RedWinter	红冬联邦学园	KnowledgeLiberationFront	2	13013	モミジ,紅葉
shigure	时雨	Shigure	RedWinter	红冬联邦学园	Class227	2	10055	シグレ,時雨
minori	实梨	Minori	RedWinter	红冬联邦学园	LaborParty	2	20026	ミノリ,实里,實梨
meru	芽瑠	Meru	RedWinter	红冬联邦学园	KnowledgeLiberationFront	2	10075	メル,爱瑠
marina	真里奈	Marina	RedWinter	红冬联邦学园	RedwinterSecretary	2	10037	マリナ,玛利娜,真裡奈,玛丽娜
saten-ruiko	佐天泪子	Saten Ruiko	Sakugawa	栅川中学	EmptyClub	2	26011	佐天涙子,佐天淚子
reijo	丽情	Reijo	Shanhaijing	山海经高级中学	BlackTortoisePromenade	2	10104	レイジョ,麗情,令女
rumi	瑠海	Rumi	Shanhaijing	山海经高级中学	BlackTortoisePromenade	2	10069	ルミ,瑠美
mina	南	Mina	Shanhaijing	山海经高级中学	Genryumon	2	10070	ミナ,弥奈,美奈
saya	纱绫	Saya	Shanhaijing	山海经高级中学	Endanbou	2	20002	サヤ,紗綾,沙耶
kokona	心奈	Kokona	Shanhaijing	山海经高级中学	Meihuayuan	2	10050	ココナ,心菜
kurumi	胡桃	Kurumi	SRT	SRT特殊学园	FoxSquad	2	10140	クルミ
niko	妮可	Niko	SRT	SRT特殊学园	FoxSquad	2	10139	ニコ,仁子
otogi	御伽	Otogi	SRT	SRT特殊学园	FoxSquad	2	16020	オトギ,音葵
shokuhou-misaki	食蜂操祈	Shokuhou Misaki	Tokiwadai	常盘台中学	EmptyClub	2	10080	
misaka-mikoto	御坂美琴	Misaka Mikoto	Tokiwadai	常盘台中学	EmptyClub	2	10079	
airi	爱理	Airi	Trinity	三一综合学园	HoukagoDessert	2	23000	アイリ,爱莉,愛理
yoshimi	好美	Yoshimi	Trinity	三一综合学园	HoukagoDessert	2	26005	ヨシミ,喜美
kazusa	和纱	Kazusa	Trinity	三一综合学园	HoukagoDessert	2	10049	カズサ,和紗,千纱
hanae	花江	Hanae	Trinity	三一综合学园	KnightsHospitaller	2	23002	ハナエ,花绘
rabu	兰舞	Rabu	Trinity	三一综合学园	EmptyClub	2	16018	ラブ,蘭舞,良舞
hasumi	莲见	Hasumi	Trinity	三一综合学园	Justice	2	13003	ハスミ,蓮見,莲实
reisa	玲纱	Reisa	Trinity	三一综合学园	TrinityVigilance	2	10068	レイサ,玲紗,澪纱
suzumi	铃美	Suzumi	Trinity	三一综合学园	TrinityVigilance	2	16003	スズミ,鈴美
mari	玛丽	Mari	Trinity	三一综合学园	SisterHood	2	23008	マリー,瑪麗
serina	芹娜	Serina	Trinity	三一综合学园	KnightsHospitaller	2	26003	セリナ,芹奈
hinata	日向	Hinata	Trinity	三一综合学园	SisterHood	2	10036	ヒナタ
natsu	夏	Natsu	Trinity	三一综合学园	HoukagoDessert	2	10029	ナツ
ichika	一花	Ichika	Trinity	三一综合学园	Justice	2	10077	イチカ
mashiro	真白	Mashiro	Trinity	三一综合学园	Justice	2	20003	マシロ,麻白
shimiko	志美子	Shimiko	Trinity	三一综合学园	BookClub	2	26004	シミコ
fubuki	吹雪	Fubuki	Valkyrie	瓦尔基里警察学校	anzenkyoku	2	16008	フブキ
konoka	木乃香	Konoka	Valkyrie	瓦尔基里警察学校	PublicPeaceBureau	2	10137	コノカ
fuyu	冬	Fuyu	WildHunt	狂猎艺术学院	FreeTradeCartel	2	10128	フユ
kanoe	庚	Kanoe	WildHunt	狂猎艺术学院	OccultClub	2	10126	カノエ,鹿江
eri	绘里	Eri	WildHunt	狂猎艺术学院	OccultClub	2	10125	エリ,繪里,绘梨
rena	丽奈	Rena	WildHunt	狂猎艺术学院	OccultClub	2	10138	レナ,麗奈,玲奈
ritsu	律	Ritsu	WildHunt	狂猎艺术学院	FreeTradeCartel	2	20050	リツ
miyo	美代	Miyo	WildHunt	狂猎艺术学院	FreeTradeCartel	2	10127	ミヨ
